{
  "time": 0,
  "zoneStates": [
    [
      [
        {
          "time": 0,
          "velocity": 20.352989609551507,
          "temperature": 20,
          "pressure": 101425,
          "density": 1.20527,
          "massFlow": 51.51478035207871,
          "energy": 136382071.64338586,
          "development": 0
        },
        {
          "time": 0,
          "velocity": 20.352989609551507,
          "temperature": 20,
          "pressure": 101425,
          "density": 1.20527,
          "massFlow": 51.51478035207871,
          "energy": 136382071.64338586,
          "development": 0
        }
      ]
    ],
    [
      [
        {
          "time": 0,
          "velocity": 20.352989609551507,
          "temperature": 20,
          "pressure": 100000,
          "density": 1.18834,
          "massFlow": 50.791170512490325,
          "energy": 136381570.5764693,
          "development": 0
        },
        {
          "time": 0,
          "velocity": 20.352989609551507,
          "temperature": 20,
          "pressure": 100000,
          "density": 1.18834,
          "massFlow": 50.791170512490325,
          "energy": 136381570.5764693,
          "development": 0
        }
      ]
    ]
  ],
  "averageTemperature": 20,
  "coolingEffectiveness": 0,
  "totalEnergyRemoved": 0,
  "uniformityIndex": 0,
  "commodity": {
    "name": "Strawberry",
    "density": 920,
    "specificHeat": 3900,
    "respirationRate": {
      "referenceRate": 0.0162,
      "temperatureSensitivity": 0.0865,
      "referenceTemperature": 5
    },
    "moistureContent": {
      "initial": 0.908,
      "waterActivity": 0.98,
      "wetnessFactor": 0.85
    },
    "thermalConductivity": 0.386
  },
  "packaging": {
    "boxDimensions": {
      "x": 0.6,
      "y": 0.4,
      "z": 0.15
    },
    "boxWallThickness": 0.002,
    "boxThermalConductivity": 0.033,
    "boxesPerPallet": 80,
    "palletDimensions": {
      "x": 1.2,
      "y": 1,
      "z": 3
    },
    "palletBaseHeight": 0.15,
    "boxMaterialDensity": 1200,
    "boxSpecificHeat": 1700
  }
}